Suppression_Factor,LIV_Order,Cutoff_Energy_EeV,E_LV_p (GeV),Excluded,Method
2,1,28.18382931264449,28183829312.64449,False,Flux_Analysis_2x
2,2,28.18382931264449,18542996457.26825,False,Flux_Analysis_2x
3,1,28.18382931264449,28183829312.64449,False,Flux_Analysis_3x
3,2,28.18382931264449,18542996457.26825,False,Flux_Analysis_3x
5,1,28.18382931264449,28183829312.64449,False,Flux_Analysis_5x
5,2,28.18382931264449,18542996457.26825,False,Flux_Analysis_5x
