{
  "scan_summary": {
    "total_combinations": 128,
    "completed_combinations": 128,
    "scan_time": 0.16322708129882812,
    "best_yield": 0.0,
    "best_efficiency": 0.0
  },
  "best_parameters": {},
  "recommendations": [
    "No valid parameter combinations found within constraints"
  ],
  "scan_parameters": {
    "beam_energies": [
      0.5,
      1.0,
      1.5,
      2.0
    ],
    "beam_fluxes": [
      10000000000000.0,
      100000000000000.0
    ],
    "seed_isotopes": [
      "Ru-102",
      "Pd-103"
    ],
    "target_yield": 1e-15,
    "waste_limit": 1000000.0
  },
  "yield_matrix": [
    [
      1.6577041505979205e-35,
      1.6577041505979405e-34
    ],
    [
      1.6577041505979205e-35,
      1.6577041505979405e-34
    ],
    [
      1.6577041505979205e-35,
      1.6577041505979405e-34
    ],
    [
      1.6577041505979205e-35,
      1.6577041505979405e-34
    ]
  ],
  "efficiency_matrix": [
    [
      1.6577041505979205e-23,
      1.6577041505979406e-22
    ],
    [
      1.6577041505979205e-23,
      1.6577041505979406e-22
    ],
    [
      1.6577041505979205e-23,
      1.6577041505979406e-22
    ],
    [
      1.6577041505979205e-23,
      1.6577041505979406e-22
    ]
  ]
}