Min GRB Bound (1e17 GeV),Min UHECR Bound (1e17 GeV),Overall FOM
77.96303230505869,,77.96303230505869
