GRB file,E_LV_est (GeV),E_LV_lower95 (GeV)
grb_sample1.csv,7.80123639788546e+18,7.796303230505869e+18
grb_sample2.csv,9.965703262549754e+18,9.95765939695734e+18
