model,chi2,chi2_reduced,AIC,BIC,mu_GeV,coupling
axion_like,4.066917509047519,0.08472744810515664,8.066917509047519,11.89096351990381,1000000000000000.0,1e-05
polymer_quantum,4.066917523059033,0.08472744839706318,8.066917523059033,11.890963533915325,1000000000000000.0,1e-15
rainbow_gravity,4.066917523059033,0.08472744839706318,8.066917523059033,11.890963533915325,1000000000000000.0,1e-15
string_theory,4.066917523059033,0.08472744839706318,8.066917523059033,11.890963533915325,1000000000000000.0,1e-15
