Model,Best_Order,AIC,Chi2,E_LV_GeV,Coefficients
linear,1,-214.02161604147835,1.7600838806789412e-05,1.9973477740546638e+20,"[9.902608921316952e+16, 0.0005006639369417255]"
polymer_qed,1,-205.01768904004422,2.789670705563161e-05,1.5196803602911724e+21,"[1.0060101789061498e+17, 6.58033114153294e-05]"
gravity_rainbow,1,-214.55639290428934,1.7840679724333367e-05,4.497507869222678e+19,"[8.09726099103174e+16, -0.0022234535860252624]"
