E_LV_p (GeV),chi2,Excluded
1e+17,257.14479789713033,True
3.1622776601683795e+17,257.14479789713033,True
1e+18,257.14479789713033,True
3.1622776601683794e+18,257.14479789713033,True
1e+19,257.14479789713033,True
