E_LV_p (GeV),chi2,Excluded,model
1e+17,257.14479789713033,True,linear_threshold
3.1622776601683795e+17,257.14479789713033,True,linear_threshold
1e+18,257.14479789713033,True,linear_threshold
3.1622776601683794e+18,257.14479789713033,True,linear_threshold
1e+19,257.14479789713033,True,linear_threshold
