observable,uncertainty_source,variance_contribution,rms_uncertainty,relative_uncertainty,fractional_contribution
Vacuum,higher_order_errors,0.08400666726000576,0.2898390368118238,0.22470946260723912,0.8413299251561683
Vacuum,eft_parameter_errors,0.009824612367706879,0.09911918264244757,0.09018055931309485,0.09839386155420525
Vacuum,finite_size_errors,0.0034569064671966057,0.05879546298139513,0.055530520329050814,0.034621047997496705
Vacuum,field_calibration_errors,0.0025539004395125227,0.05053613004091748,0.0481050851996391,0.025577408742821595
Vacuum,quantum_correction_errors,7.763979824926505e-06,0.0027863919008148342,0.0027786494943685225,7.775654930819082e-05
