observable,uncertainty_source,variance_contribution,rms_uncertainty,relative_uncertainty,fractional_contribution
Vacuum,higher_order_errors,0.08738343874422648,0.2956068990132444,0.22816094853954813,0.8510629707600363
Vacuum,eft_parameter_errors,0.00966341383410606,0.09830266443035031,0.08950416639600553,0.09411593093069155
Vacuum,finite_size_errors,0.0031562204671506055,0.05618024979608586,0.05319191473892116,0.030739719170462382
Vacuum,field_calibration_errors,0.0024649372307379517,0.04964813421205223,0.04729978798973619,0.024007029621130164
Vacuum,quantum_correction_errors,7.63388462078722e-06,0.0027629485374844063,0.002755335686778343,7.434951767946741e-05
