Channel,Mean_Constraint,Std_Constraint,Relative_Uncertainty,Dominant_Uncertainty
GRB,2.942767105859349,0.6113250508758725,0.20773816917372157,intrinsic_delays
UHECR,8.642611619537622,0.48499816698563025,0.05611708454991034,stochastic_energy_losses
Vacuum,4.017494909912159,0.18456669492015773,0.04594074144681199,eft_parameters
Hidden,7.333036212749835,0.19658593575525976,0.026808259232848033,dark_coupling_theory
COMBINED,5.772225375651575,0.1868414432801853,0.0323690485247372,Multi-channel
